{"cameraMode":{"drawMode":0,"name":"Shaded","section":"Shading Mode"},"sceneLighting":true,"audioPlay":false,"sceneViewState":{"m_AlwaysRefresh":false,"showFog":true,"showSkybox":true,"showFlares":true,"showImageEffects":true,"showParticleSystems":true,"showVisualEffectGraphs":true,"m_FxEnabled":true},"in2DMode":false,"pivot":{"x":-0.43754392862319949,"y":6.206088066101074,"z":-13.8843355178833},"rotation":{"x":0.03180008754134178,"y":-0.016495568677783014,"z":0.0005250625545158982,"w":0.9993590712547302},"size":2.7325937747955324,"orthographic":false}